[
    { "city_name_jp": "名古屋市（千種区）" },
    { "city_name_jp": "名古屋市（東区）" },
    { "city_name_jp": "名古屋市（北区）" },
    { "city_name_jp": "名古屋市（西区）" },
    { "city_name_jp": "名古屋市（中村区）" },
    { "city_name_jp": "名古屋市（中区）" },
    { "city_name_jp": "名古屋市（昭和区）" },
    { "city_name_jp": "名古屋市（瑞穂区）" },
    { "city_name_jp": "名古屋市（熱田区）" },
    { "city_name_jp": "名古屋市（中川区）" },
    { "city_name_jp": "名古屋市（港区）" },
    { "city_name_jp": "名古屋市（南区）" },
    { "city_name_jp": "名古屋市（守山区）" },
    { "city_name_jp": "名古屋市（緑区）" },
    { "city_name_jp": "名古屋市（名東区）" },
    { "city_name_jp": "名古屋市（天白区）" },
    { "city_name_jp": "豊橋市" },
    { "city_name_jp": "岡崎市" },
    { "city_name_jp": "一宮市" },
    { "city_name_jp": "瀬戸市" },
    { "city_name_jp": "半田市" },
    { "city_name_jp": "春日井市" },
    { "city_name_jp": "豊川市" },
    { "city_name_jp": "津島市" },
    { "city_name_jp": "碧南市" },
    { "city_name_jp": "刈谷市" },
    { "city_name_jp": "豊田市" },
    { "city_name_jp": "安城市" },
    { "city_name_jp": "西尾市" },
    { "city_name_jp": "蒲郡市" },
    { "city_name_jp": "犬山市" },
    { "city_name_jp": "常滑市" },
    { "city_name_jp": "江南市" },
    { "city_name_jp": "小牧市" },
    { "city_name_jp": "稲沢市" },
    { "city_name_jp": "新城市" },
    { "city_name_jp": "東海市" },
    { "city_name_jp": "大府市" },
    { "city_name_jp": "知多市" },
    { "city_name_jp": "知立市" },
    { "city_name_jp": "尾張旭市" },
    { "city_name_jp": "高浜市" },
    { "city_name_jp": "岩倉市" },
    { "city_name_jp": "豊明市" },
    { "city_name_jp": "日進市" },
    { "city_name_jp": "田原市" },
    { "city_name_jp": "愛西市" },
    { "city_name_jp": "清須市" },
    { "city_name_jp": "北名古屋市" },
    { "city_name_jp": "弥富市" },
    { "city_name_jp": "みよし市" },
    { "city_name_jp": "あま市" },
    { "city_name_jp": "長久手市" },
    { "city_name_jp": "東郷町" },
    { "city_name_jp": "豊山町" },
    { "city_name_jp": "大口町" },
    { "city_name_jp": "扶桑町" },
    { "city_name_jp": "大治町" },
    { "city_name_jp": "蟹江町" },
    { "city_name_jp": "飛島村" },
    { "city_name_jp": "阿久比町" },
    { "city_name_jp": "東浦町" },
    { "city_name_jp": "南知多町" },
    { "city_name_jp": "美浜町" },
    { "city_name_jp": "武豊町" },
    { "city_name_jp": "幸田町" },
    { "city_name_jp": "設楽町" },
    { "city_name_jp": "東栄町" },
    { "city_name_jp": "豊根村" }
]